{
    "table_name": "test_dynamo",
    "schema": {
        "KeySchema": [
            {
                "AttributeName": "ID",
                "KeyType": "HASH"
            },
            {
                "AttributeName": "DateTime",
                "KeyType": "RANGE"
            }
        ],
        "AttributeDefinitions": [
            {
                "AttributeName": "ID",
                "AttributeType": "S"
            },
            {
                "AttributeName": "DateTime",
                "AttributeType": "S"
            }
        ]
    },
    "items": [
        {
            "ID": "1",
            "DateTime": "12/01/2022 13:16",
            "SourceDevice": "10",
            "DestinationDevice": "20",
            "DataType": "part",
            "Activity": "normal"
        },
        {
            "ID": "2",
            "DateTime": "13/01/2022 14:16",
            "SourceDevice": "40",
            "DestinationDevice": "25",
            "DataType": "full",
            "Activity": "unusual"
        },
        {
            "ID": "3",
            "DateTime": "20/02/2022 13:16",
            "SourceDevice": "40",
            "DestinationDevice": "25",
            "DataType": "full",
            "Activity": "unusual"
        },
        {
            "ID": "4",
            "DateTime": "28/02/2022 15:00",
            "SourceDevice": "40",
            "DestinationDevice": "25",
            "DataType": "full",
            "Activity": "unusual"
        }
    ]
}